Dataset de prueba,,,
X1,X2,Y,Predicci¢n
2.343875381,2.051757824,0,
3.536904049,3.032932531,0,
2.801395588,2.786327755,0,
3.656342926,2.581460765,0,
2.853194386,1.052331062,0,
8.907647835,3.730540859,1,
9.752464513,3.740754624,1,
8.016361622,3.013408249,1,
6.58490395,2.436333477,1,
7.142525173,3.650120799,1,
